step,distance,time,height
15.0,21.331,556.6341800391847,168
15.0,21.302,484.2587665008464,168
